{"learning_rate": 0.08070908691273442, "gamma": 0.9956372490867552, "epsilon": 1.0, "epsilon_decay": 0.999, "epsilon_min": 0.04181243398854332, "memory_size": 1000000, "batch_size": 16}