{"learning_rate": 0.06729591405029581, "gamma": 0.9609668367258836, "epsilon": 1.0, "epsilon_decay": 0.999, "epsilon_min": 0.06881056306307529, "memory_size": 1000000, "batch_size": 16}