{"learning_rate": 0.08280103139394838, "gamma": 0.9680898708159023, "epsilon": 1.0, "epsilon_decay": 0.999, "epsilon_min": 0.0806334302523952, "memory_size": 1000000, "batch_size": 16}