{"learning_rate": 0.02410869369379824, "gamma": 0.9659630668940419, "epsilon": 1.0, "epsilon_decay": 0.999, "epsilon_min": 0.05626913826173162, "memory_size": 1000000, "batch_size": 16}