{"learning_rate": 0.09363651096455888, "gamma": 0.9450748079699297, "epsilon": 1.0, "epsilon_decay": 0.999, "epsilon_min": 0.05012129562969409, "memory_size": 1000000, "batch_size": 16}