{"learning_rate": 0.01804945314171013, "gamma": 0.9545185445858084, "epsilon": 1.0, "epsilon_decay": 0.999, "epsilon_min": 0.06294410197265708, "memory_size": 1000000, "batch_size": 16}