{"learning_rate": 0.05861511373020785, "gamma": 0.9088221672140693, "epsilon": 1.0, "epsilon_decay": 0.999, "epsilon_min": 0.08436093023667963, "memory_size": 1000000, "batch_size": 16}