{"learning_rate": 0.006002936501038626, "gamma": 0.954705098192064, "epsilon": 0.9684910757595269, "epsilon_decay": 0.999, "epsilon_min": 0.08356787348159922, "memory_size": 1829081, "batch_size": 53}