{"learning_rate": 0.02289524349071998, "gamma": 0.9131433205699355, "epsilon": 1.0, "epsilon_decay": 0.999, "epsilon_min": 0.012062729035867675, "memory_size": 1000000, "batch_size": 31}