{"learning_rate": 0.020847825844210643, "gamma": 0.9249215947470724, "epsilon": 1.0, "epsilon_decay": 0.999, "epsilon_min": 0.03849238919718485, "memory_size": 1000000, "batch_size": 16}