{"learning_rate": 0.01, "gamma": 0.1, "epsilon": 0.5308282740091232, "epsilon_decay": 0.999, "epsilon_min": 0.030118140816189652, "memory_size": 1000000, "batch_size": 16}