{"learning_rate": 0.07103265795042747, "gamma": 0.9815410481506868, "epsilon": 1.0, "epsilon_decay": 0.999, "epsilon_min": 0.08074641862085491, "memory_size": 1000000, "batch_size": 12}