{"learning_rate": 0.0966823530561648, "gamma": 0.9956882647032229, "epsilon": 1.0, "epsilon_decay": 0.999, "epsilon_min": 0.027124135382135497, "memory_size": 1000000, "batch_size": 16}