{"learning_rate": 0.0048904532946343416, "gamma": 0.9083230581144174, "epsilon": 0.0010000000000000009, "epsilon_decay": 0.999, "epsilon_min": 0.06622583079865664, "memory_size": 1000000, "batch_size": 94}