{"learning_rate": 1e-05, "gamma": 0.9380533463475116, "epsilon": 0.06688462043806333, "epsilon_decay": 0.999, "epsilon_min": 0.05865638635341883, "memory_size": 1000000, "batch_size": 16}